order_id,amount
1,5
2,6
3,7
4,8
5,9
6,10
7,11
8,12
9,13
10,14
11,15
12,16
13,17
14,18
15,19
16,20
17,21
18,22
19,23
20,24
21,25
22,26
23,27
24,28
25,29
26,30
27,31
28,32
29,33
30,34
31,35
32,36
33,37
34,38
35,39
36,40
37,41
38,42
39,43
40,44
41,45
42,46
43,47
44,48
45,49
46,50
47,51
48,52
49,53
50,54
51,5
52,6
53,7
54,8
55,9
56,10
57,11
58,12
59,13
60,14
61,15
62,16
63,17
64,18
65,19
66,20
67,21
68,22
69,23
70,24
71,25
72,26
73,27
74,28
75,29
76,30
77,31
78,32
79,33
80,34
81,35
82,36
83,37
84,38
85,39
86,40
87,41
88,42
89,43
90,44
91,45
92,46
93,47
94,48
95,49
96,50
97,51
98,52
99,53
100,54
101,5
102,6
103,7
104,8
105,9
106,10
107,11
108,12
109,13
110,14
111,15
112,16
113,17
114,18
115,19
116,20
117,21
118,22
119,23
120,24
121,25
122,26
123,27
124,28
125,29
126,30
127,31
128,32
129,33
130,34
131,35
132,36
133,37
134,38
135,39
136,40
137,41
138,42
139,43
140,44
141,45
142,46
143,47
144,48
145,49
146,50
147,51
148,52
149,53
150,54
151,5
152,6
153,7
154,8
155,9
156,10
157,11
158,12
159,13
160,14
161,15
162,16
163,17
164,18
165,19
166,20
167,21
168,22
169,23
170,24
171,25
172,26
173,27
174,28
175,29
176,30
177,31
178,32
179,33
180,34
181,35
182,36
183,37
184,38
185,39
186,40
187,41
188,42
189,43
190,44
191,45
192,46
193,47
194,48
195,49
196,50
197,51
198,52
199,53
200,54
201,5
202,6
203,7
204,8
205,9
206,10
207,11
208,12
209,13
210,14
211,15
212,16
213,17
214,18
215,19
216,20
217,21
218,22
219,23
220,24
221,25
222,26
223,27
224,28
225,29
226,30
227,31
228,32
229,33
230,34
231,35
232,36
233,37
234,38
235,39
236,40
237,41
238,42
239,43
240,44
241,45
242,46
243,47
244,48
245,49
246,50
247,51
248,52
249,53
250,54
251,5
252,6
253,7
254,8
255,9
256,10
257,11
258,12
259,13
260,14
261,15
262,16
263,17
264,18
265,19
266,20
267,21
268,22
269,23
270,24
271,25
272,26
273,27
274,28
275,29
276,30
277,31
278,32
279,33
280,34
281,35
282,36
283,37
284,38
285,39
286,40
287,41
288,42
289,43
290,44
291,45
292,46
293,47
294,48
295,49
296,50
297,51
298,52
299,53
300,54
301,5
302,6
303,7
304,8
305,9
306,10
307,11
308,12
309,13
310,14
311,15
312,16
313,17
314,18
315,19
316,20
317,21
318,22
319,23
320,24
321,25
322,26
323,27
324,28
325,29
326,30
327,31
328,32
329,33
330,34
331,35
332,36
333,37
334,38
335,39
336,40
337,41
338,42
339,43
340,44
341,45
342,46
343,47
344,48
345,49
346,50
347,51
348,52
349,53
350,54
351,5
352,6
353,7
354,8
355,9
356,10
357,11
358,12
359,13
360,14
361,15
362,16
363,17
364,18
365,19
366,20
367,21
368,22
369,23
370,24
371,25
372,26
373,27
374,28
375,29
376,30
377,31
378,32
379,33
380,34
381,35
382,36
383,37
384,38
385,39
386,40
387,41
388,42
389,43
390,44
391,45
392,46
393,47
394,48
395,49
396,50
397,51
398,52
399,53
400,54
401,5
402,6
403,7
404,8
405,9
406,10
407,11
408,12
409,13
410,14
411,15
412,16
413,17
414,18
415,19
416,20
417,21
418,22
419,23
420,24
421,25
422,26
423,27
424,28
425,29
426,30
427,31
428,32
429,33
430,34
431,35
432,36
433,37
434,38
435,39
436,40
437,41
438,42
439,43
440,44
441,45
442,46
443,47
444,48
445,49
446,50
447,51
448,52
449,53
450,54
451,5
452,6
453,7
454,8
455,9
456,10
457,11
458,12
459,13
460,14
461,15
462,16
463,17
464,18
465,19
466,20
467,21
468,22
469,23
470,24
471,25
472,26
473,27
474,28
475,29
476,30
477,31
478,32
479,33
480,34
481,35
482,36
483,37
484,38
485,39
486,40
487,41
488,42
489,43
490,44
491,45
492,46
493,47
494,48
495,49
496,50
497,51
498,52
499,53
500,54
501,5
502,6
503,7
504,8
505,9
506,10
507,11
508,12
509,13
510,14
511,15
512,16
513,17
514,18
515,19
516,20
517,21
518,22
519,23
520,24
521,25
522,26
523,27
524,28
525,29
526,30
527,31
528,32
529,33
530,34
531,35
532,36
533,37
534,38
535,39
536,40
537,41
538,42
539,43
540,44
541,45
542,46
543,47
544,48
545,49
546,50
547,51
548,52
549,53
550,54
551,5
552,6
553,7
554,8
555,9
556,10
557,11
558,12
559,13
560,14
561,15
562,16
563,17
564,18
565,19
566,20
567,21
568,22
569,23
570,24
571,25
572,26
573,27
574,28
575,29
576,30
577,31
578,32
579,33
580,34
581,35
582,36
583,37
584,38
585,39
586,40
587,41
588,42
589,43
590,44
591,45
592,46
593,47
594,48
595,49
596,50
597,51
598,52
599,53
600,54
601,5
602,6
603,7
604,8
605,9
606,10
607,11
608,12
609,13
610,14
611,15
612,16
613,17
614,18
615,19
616,20
617,21
618,22
619,23
620,24
621,25
622,26
623,27
624,28
625,29
626,30
627,31
628,32
629,33
630,34
631,35
632,36
633,37
634,38
635,39
636,40
637,41
638,42
639,43
640,44
641,45
642,46
643,47
644,48
645,49
646,50
647,51
648,52
649,53
650,54
651,5
652,6
653,7
654,8
655,9
656,10
657,11
658,12
659,13
660,14
661,15
662,16
663,17
664,18
665,19
666,20
667,21
668,22
669,23
670,24
671,25
672,26
673,27
674,28
675,29
676,30
677,31
678,32
679,33
680,34
681,35
682,36
683,37
684,38
685,39
686,40
687,41
688,42
689,43
690,44
691,45
692,46
693,47
694,48
695,49
696,50
697,51
698,52
699,53
700,54
701,5
702,6
703,7
704,8
705,9
706,10
707,11
708,12
709,13
710,14
711,15
712,16
713,17
714,18
715,19
716,20
717,21
718,22
719,23
720,24
721,25
722,26
723,27
724,28
725,29
726,30
727,31
728,32
729,33
730,34
731,35
732,36
733,37
734,38
735,39
736,40
737,41
738,42
739,43
740,44
741,45
742,46
743,47
744,48
745,49
746,50
747,51
748,52
749,53
750,54
751,5
752,6
753,7
754,8
755,9
756,10
757,11
758,12
759,13
760,14
761,15
762,16
763,17
764,18
765,19
766,20
767,21
768,22
769,23
770,24
771,25
772,26
773,27
774,28
775,29
776,30
777,31
778,32
779,33
780,34
781,35
782,36
783,37
784,38
785,39
786,40
787,41
788,42
789,43
790,44
791,45
792,46
793,47
794,48
795,49
796,50
797,51
798,52
799,53
800,54
801,5
802,6
803,7
804,8
805,9
806,10
807,11
808,12
809,13
810,14
811,15
812,16
813,17
814,18
815,19
816,20
817,21
818,22
819,23
820,24
821,25
822,26
823,27
824,28
825,29
826,30
827,31
828,32
829,33
830,34
831,35
832,36
833,37
834,38
835,39
836,40
837,41
838,42
839,43
840,44
841,45
842,46
843,47
844,48
845,49
846,50
847,51
848,52
849,53
850,54
851,5
852,6
853,7
854,8
855,9
856,10
857,11
858,12
859,13
860,14
861,15
862,16
863,17
864,18
865,19
866,20
867,21
868,22
869,23
870,24
871,25
872,26
873,27
874,28
875,29
876,30
877,31
878,32
879,33
880,34
881,35
882,36
883,37
884,38
885,39
886,40
887,41
888,42
889,43
890,44
891,45
892,46
893,47
894,48
895,49
896,50
897,51
898,52
899,53
900,54
901,5
902,6
903,7
904,8
905,9
906,10
907,11
908,12
909,13
910,14
911,15
912,16
913,17
914,18
915,19
916,20
917,21
918,22
919,23
920,24
921,25
922,26
923,27
924,28
925,29
926,30
927,31
928,32
929,33
930,34
931,35
932,36
933,37
934,38
935,39
936,40
937,41
938,42
939,43
940,44
941,45
942,46
943,47
944,48
945,49
946,50
947,51
948,52
949,53
950,54
951,5
952,6
953,7
954,8
955,9
956,10
957,11
958,12
959,13
960,14
961,15
962,16
963,17
964,18
965,19
966,20
967,21
968,22
969,23
970,24
971,25
972,26
973,27
974,28
975,29
976,30
977,31
978,32
979,33
980,34
981,35
982,36
983,37
984,38
985,39
986,40
987,41
988,42
989,43
990,44
991,45
992,46
993,47
994,48
995,49
996,50
997,51
998,52
999,53
1000,54
1001,5
1002,6
1003,7
1004,8
1005,9
1006,10
1007,11
1008,12
1009,13
1010,14
1011,15
1012,16
1013,17
1014,18
1015,19
1016,20
1017,21
1018,22
1019,23
1020,24
1021,25
1022,26
1023,27
1024,28
1025,29
1026,30
1027,31
1028,32
1029,33
1030,34
1031,35
1032,36
1033,37
1034,38
1035,39
1036,40
1037,41
1038,42
1039,43
1040,44
1041,45
1042,46
1043,47
1044,48
1045,49
1046,50
1047,51
1048,52
1049,53
1050,54
1051,5
1052,6
1053,7
1054,8
1055,9
1056,10
1057,11
1058,12
1059,13
1060,14
1061,15
1062,16
1063,17
1064,18
1065,19
1066,20
1067,21
1068,22
1069,23
1070,24
1071,25
1072,26
1073,27
1074,28
1075,29
1076,30
1077,31
1078,32
1079,33
1080,34
1081,35
1082,36
1083,37
1084,38
1085,39
1086,40
1087,41
1088,42
1089,43
1090,44
1091,45
1092,46
1093,47
1094,48
1095,49
1096,50
1097,51
1098,52
1099,53
1100,54
1101,5
1102,6
1103,7
1104,8
1105,9
1106,10
1107,11
1108,12
1109,13
1110,14
1111,15
1112,16
1113,17
1114,18
1115,19
1116,20
1117,21
1118,22
1119,23
1120,24
1121,25
1122,26
1123,27
1124,28
1125,29
1126,30
1127,31
1128,32
1129,33
1130,34
1131,35
1132,36
1133,37
1134,38
1135,39
1136,40
1137,41
1138,42
1139,43
1140,44
1141,45
1142,46
1143,47
1144,48
1145,49
1146,50
1147,51
1148,52
1149,53
1150,54
1151,5
1152,6
1153,7
1154,8
1155,9
1156,10
1157,11
1158,12
1159,13
1160,14
1161,15
1162,16
1163,17
1164,18
1165,19
1166,20
1167,21
1168,22
1169,23
1170,24
1171,25
1172,26
1173,27
1174,28
1175,29
1176,30
1177,31
1178,32
1179,33
1180,34
1181,35
1182,36
1183,37
1184,38
1185,39
1186,40
1187,41
1188,42
1189,43
1190,44
1191,45
1192,46
1193,47
1194,48
1195,49
1196,50
1197,51
1198,52
1199,53
1200,54
1201,5
1202,6
1203,7
1204,8
1205,9
1206,10
1207,11
1208,12
1209,13
1210,14
1211,15
1212,16
1213,17
1214,18
1215,19
1216,20
1217,21
1218,22
1219,23
1220,24
1221,25
1222,26
1223,27
1224,28
1225,29
1226,30
1227,31
1228,32
1229,33
1230,34
1231,35
1232,36
1233,37
1234,38
1235,39
1236,40
1237,41
1238,42
1239,43
1240,44
1241,45
1242,46
1243,47
1244,48
1245,49
1246,50
1247,51
1248,52
1249,53
1250,54
1251,5
1252,6
1253,7
1254,8
1255,9
1256,10
1257,11
1258,12
1259,13
1260,14
1261,15
1262,16
1263,17
1264,18
1265,19
1266,20
1267,21
1268,22
1269,23
1270,24
1271,25
1272,26
1273,27
1274,28
1275,29
1276,30
1277,31
1278,32
1279,33
1280,34
1281,35
1282,36
1283,37
1284,38
1285,39
1286,40
1287,41
1288,42
1289,43
1290,44
1291,45
1292,46
1293,47
1294,48
1295,49
1296,50
1297,51
1298,52
1299,53
1300,54
1301,5
1302,6
1303,7
1304,8
1305,9
1306,10
1307,11
1308,12
1309,13
1310,14
1311,15
1312,16
1313,17
1314,18
1315,19
1316,20
1317,21
1318,22
1319,23
1320,24
1321,25
1322,26
1323,27
1324,28
1325,29
1326,30
1327,31
1328,32
1329,33
1330,34
1331,35
1332,36
1333,37
1334,38
1335,39
1336,40
1337,41
1338,42
1339,43
1340,44
1341,45
1342,46
1343,47
1344,48
1345,49
1346,50
1347,51
1348,52
1349,53
1350,54
1351,5
1352,6
1353,7
1354,8
1355,9
1356,10
1357,11
1358,12
1359,13
1360,14
1361,15
1362,16
1363,17
1364,18
1365,19
1366,20
1367,21
1368,22
1369,23
1370,24
1371,25
1372,26
1373,27
1374,28
1375,29
1376,30
1377,31
1378,32
1379,33
1380,34
1381,35
1382,36
1383,37
1384,38
1385,39
1386,40
1387,41
1388,42
1389,43
1390,44
1391,45
1392,46
1393,47
1394,48
1395,49
1396,50
1397,51
1398,52
1399,53
1400,54
1401,5
1402,6
1403,7
1404,8
1405,9
1406,10
1407,11
1408,12
1409,13
1410,14
1411,15
1412,16
1413,17
1414,18
1415,19
1416,20
1417,21
1418,22
1419,23
1420,24
1421,25
1422,26
1423,27
1424,28
1425,29
1426,30
1427,31
1428,32
1429,33
1430,34
1431,35
1432,36
1433,37
1434,38
1435,39
1436,40
1437,41
1438,42
1439,43
1440,44
1441,45
1442,46
1443,47
1444,48
1445,49
1446,50
1447,51
1448,52
1449,53
1450,54
1451,5
1452,6
1453,7
1454,8
1455,9
1456,10
1457,11
1458,12
1459,13
1460,14
1461,15
1462,16
1463,17
1464,18
1465,19
1466,20
1467,21
1468,22
1469,23
1470,24
1471,25
1472,26
1473,27
1474,28
1475,29
1476,30
1477,31
1478,32
1479,33
1480,34
1481,35
1482,36
1483,37
1484,38
1485,39
1486,40
1487,41
1488,42
1489,43
1490,44
1491,45
1492,46
1493,47
1494,48
1495,49
1496,50
1497,51
1498,52
1499,53
1500,54
1501,5
1502,6
1503,7
1504,8
1505,9
1506,10
1507,11
1508,12
1509,13
1510,14
1511,15
1512,16
1513,17
1514,18
1515,19
1516,20
1517,21
1518,22
1519,23
1520,24
1521,25
1522,26
1523,27
1524,28
1525,29
1526,30
1527,31
1528,32
1529,33
1530,34
1531,35
1532,36
1533,37
1534,38
1535,39
1536,40
1537,41
1538,42
1539,43
1540,44
1541,45
1542,46
1543,47
1544,48
1545,49
1546,50
1547,51
1548,52
1549,53
1550,54
1551,5
1552,6
1553,7
1554,8
1555,9
1556,10
1557,11
1558,12
1559,13
1560,14
1561,15
1562,16
1563,17
1564,18
1565,19
1566,20
1567,21
1568,22
1569,23
1570,24
1571,25
1572,26
1573,27
1574,28
1575,29
1576,30
1577,31
1578,32
1579,33
1580,34
1581,35
1582,36
1583,37
1584,38
1585,39
1586,40
1587,41
1588,42
1589,43
1590,44
1591,45
1592,46
1593,47
1594,48
1595,49
1596,50
1597,51
1598,52
1599,53
1600,54
1601,5
1602,6
1603,7
1604,8
1605,9
1606,10
1607,11
1608,12
1609,13
1610,14
1611,15
1612,16
1613,17
1614,18
1615,19
1616,20
1617,21
1618,22
1619,23
1620,24
1621,25
1622,26
1623,27
1624,28
1625,29
1626,30
1627,31
1628,32
1629,33
1630,34
1631,35
1632,36
1633,37
1634,38
1635,39
1636,40
1637,41
1638,42
1639,43
1640,44
1641,45
1642,46
1643,47
1644,48
1645,49
1646,50
1647,51
1648,52
1649,53
1650,54
1651,5
1652,6
1653,7
1654,8
1655,9
1656,10
1657,11
1658,12
1659,13
1660,14
1661,15
1662,16
1663,17
1664,18
1665,19
1666,20
1667,21
1668,22
1669,23
1670,24
1671,25
1672,26
1673,27
1674,28
1675,29
1676,30
1677,31
1678,32
1679,33
1680,34
1681,35
1682,36
1683,37
1684,38
1685,39
1686,40
1687,41
1688,42
1689,43
1690,44
1691,45
1692,46
1693,47
1694,48
1695,49
1696,50
1697,51
1698,52
1699,53
1700,54
1701,5
1702,6
1703,7
1704,8
1705,9
1706,10
1707,11
1708,12
1709,13
1710,14
1711,15
1712,16
1713,17
1714,18
1715,19
1716,20
1717,21
1718,22
1719,23
1720,24
1721,25
1722,26
1723,27
1724,28
1725,29
1726,30
1727,31
1728,32
1729,33
1730,34
1731,35
1732,36
1733,37
1734,38
1735,39
1736,40
1737,41
1738,42
1739,43
1740,44
1741,45
1742,46
1743,47
1744,48
1745,49
1746,50
1747,51
1748,52
1749,53
1750,54
1751,5
1752,6
1753,7
1754,8
1755,9
1756,10
1757,11
1758,12
1759,13
1760,14
1761,15
1762,16
1763,17
1764,18
1765,19
1766,20
1767,21
1768,22
1769,23
1770,24
1771,25
1772,26
1773,27
1774,28
1775,29
1776,30
1777,31
1778,32
1779,33
1780,34
1781,35
1782,36
1783,37
1784,38
1785,39
1786,40
1787,41
1788,42
1789,43
1790,44
1791,45
1792,46
1793,47
1794,48
1795,49
1796,50
1797,51
1798,52
1799,53
1800,54
1801,5
1802,6
1803,7
1804,8
1805,9
1806,10
1807,11
1808,12
1809,13
1810,14
1811,15
1812,16
1813,17
1814,18
1815,19
1816,20
1817,21
1818,22
1819,23
1820,24
1821,25
1822,26
1823,27
1824,28
1825,29
1826,30
1827,31
1828,32
1829,33
1830,34
1831,35
1832,36
1833,37
1834,38
1835,39
1836,40
1837,41
1838,42
1839,43
1840,44
1841,45
1842,46
1843,47
1844,48
1845,49
1846,50
1847,51
1848,52
1849,53
1850,54
1851,5
1852,6
1853,7
1854,8
1855,9
1856,10
1857,11
1858,12
1859,13
1860,14
1861,15
1862,16
1863,17
1864,18
1865,19
1866,20
1867,21
1868,22
1869,23
1870,24
1871,25
1872,26
1873,27
1874,28
1875,29
1876,30
1877,31
1878,32
1879,33
1880,34
1881,35
1882,36
1883,37
1884,38
1885,39
1886,40
1887,41
1888,42
1889,43
1890,44
1891,45
1892,46
1893,47
1894,48
1895,49
1896,50
1897,51
1898,52
1899,53
1900,54
1901,5
1902,6
1903,7
1904,8
1905,9
1906,10
1907,11
1908,12
1909,13
1910,14
1911,15
1912,16
1913,17
1914,18
1915,19
1916,20
1917,21
1918,22
1919,23
1920,24
1921,25
1922,26
1923,27
1924,28
1925,29
1926,30
1927,31
1928,32
1929,33
1930,34
1931,35
1932,36
1933,37
1934,38
1935,39
1936,40
1937,41
1938,42
1939,43
1940,44
1941,45
1942,46
1943,47
1944,48
1945,49
1946,50
1947,51
1948,52
1949,53
1950,54
1951,5
1952,6
1953,7
1954,8
1955,9
1956,10
1957,11
1958,12
1959,13
1960,14
1961,15
1962,16
1963,17
1964,18
1965,19
1966,20
1967,21
1968,22
1969,23
1970,24
1971,25
1972,26
1973,27
1974,28
1975,29
1976,30
1977,31
1978,32
1979,33
1980,34
1981,35
1982,36
1983,37
1984,38
1985,39
1986,40
1987,41
1988,42
1989,43
1990,44
1991,45
1992,46
1993,47
1994,48
1995,49
1996,50
1997,51
1998,52
1999,53
2000,54
2001,5
2002,6
2003,7
2004,8
2005,9
2006,10
2007,11
2008,12
2009,13
2010,14
2011,15
2012,16
2013,17
2014,18
2015,19
2016,20
2017,21
2018,22
2019,23
2020,24
2021,25
2022,26
2023,27
2024,28
2025,29
2026,30
2027,31
2028,32
2029,33
2030,34
2031,35
2032,36
2033,37
2034,38
2035,39
2036,40
2037,41
2038,42
2039,43
2040,44
2041,45
2042,46
2043,47
2044,48
2045,49
2046,50
2047,51
2048,52
2049,53
2050,54
2051,5
2052,6
2053,7
2054,8
2055,9
2056,10
2057,11
2058,12
2059,13
2060,14
2061,15
2062,16
2063,17
2064,18
2065,19
2066,20
2067,21
2068,22
2069,23
2070,24
2071,25
2072,26
2073,27
2074,28
2075,29
2076,30
2077,31
2078,32
2079,33
2080,34
2081,35
2082,36
2083,37
2084,38
2085,39
2086,40
2087,41
2088,42
2089,43
2090,44
2091,45
2092,46
2093,47
2094,48
2095,49
2096,50
2097,51
2098,52
2099,53
2100,54
2101,5
2102,6
2103,7
2104,8
2105,9
2106,10
2107,11
2108,12
2109,13
2110,14
2111,15
2112,16
2113,17
2114,18
2115,19
2116,20
2117,21
2118,22
2119,23
2120,24
2121,25
2122,26
2123,27
2124,28
2125,29
2126,30
2127,31
2128,32
2129,33
2130,34
2131,35
2132,36
2133,37
2134,38
2135,39
2136,40
2137,41
2138,42
2139,43
2140,44
2141,45
2142,46
2143,47
2144,48
2145,49
2146,50
2147,51
2148,52
2149,53
2150,54
2151,5
2152,6
2153,7
2154,8
2155,9
2156,10
2157,11
2158,12
2159,13
2160,14
2161,15
2162,16
2163,17
2164,18
2165,19
2166,20
2167,21
2168,22
2169,23
2170,24
2171,25
2172,26
2173,27
2174,28
2175,29
2176,30
2177,31
2178,32
2179,33
2180,34
2181,35
2182,36
2183,37
2184,38
2185,39
2186,40
2187,41
2188,42
2189,43
2190,44
2191,45
2192,46
2193,47
2194,48
2195,49
2196,50
2197,51
2198,52
2199,53
2200,54
2201,5
2202,6
2203,7
2204,8
2205,9
2206,10
2207,11
2208,12
2209,13
2210,14
2211,15
2212,16
2213,17
2214,18
2215,19
2216,20
2217,21
2218,22
2219,23
2220,24
2221,25
2222,26
2223,27
2224,28
2225,29
2226,30
2227,31
2228,32
2229,33
2230,34
2231,35
2232,36
2233,37
2234,38
2235,39
2236,40
2237,41
2238,42
2239,43
2240,44
2241,45
2242,46
2243,47
2244,48
2245,49
2246,50
2247,51
2248,52
2249,53
2250,54
2251,5
2252,6
2253,7
2254,8
2255,9
2256,10
2257,11
2258,12
2259,13
2260,14
2261,15
2262,16
2263,17
2264,18
2265,19
2266,20
2267,21
2268,22
2269,23
2270,24
2271,25
2272,26
2273,27
2274,28
2275,29
2276,30
2277,31
2278,32
2279,33
2280,34
2281,35
2282,36
2283,37
2284,38
2285,39
2286,40
2287,41
2288,42
2289,43
2290,44
2291,45
2292,46
2293,47
2294,48
2295,49
2296,50
2297,51
2298,52
2299,53
2300,54
2301,5
2302,6
2303,7
2304,8
2305,9
2306,10
2307,11
2308,12
2309,13
2310,14
2311,15
2312,16
2313,17
2314,18
2315,19
2316,20
2317,21
2318,22
2319,23
2320,24
2321,25
2322,26
2323,27
2324,28
2325,29
2326,30
2327,31
2328,32
2329,33
2330,34
2331,35
2332,36
2333,37
2334,38
2335,39
2336,40
2337,41
2338,42
2339,43
2340,44
2341,45
2342,46
2343,47
2344,48
2345,49
2346,50
2347,51
2348,52
2349,53
2350,54
2351,5
2352,6
2353,7
2354,8
2355,9
2356,10
2357,11
2358,12
2359,13
2360,14
2361,15
2362,16
2363,17
2364,18
2365,19
2366,20
2367,21
2368,22
2369,23
2370,24
2371,25
2372,26
2373,27
2374,28
2375,29
2376,30
2377,31
2378,32
2379,33
2380,34
2381,35
2382,36
2383,37
2384,38
2385,39
2386,40
2387,41
2388,42
2389,43
2390,44
2391,45
2392,46
2393,47
2394,48
2395,49
2396,50
2397,51
2398,52
2399,53
2400,54
2401,5
2402,6
2403,7
2404,8
2405,9
2406,10
2407,11
2408,12
2409,13
2410,14
2411,15
2412,16
2413,17
2414,18
2415,19
2416,20
2417,21
2418,22
2419,23
2420,24
2421,25
2422,26
2423,27
2424,28
2425,29
2426,30
2427,31
2428,32
2429,33
2430,34
2431,35
2432,36
2433,37
2434,38
2435,39
2436,40
2437,41
2438,42
2439,43
2440,44
2441,45
2442,46
2443,47
2444,48
2445,49
2446,50
2447,51
2448,52
2449,53
2450,54
2451,5
2452,6
2453,7
2454,8
2455,9
2456,10
2457,11
2458,12
2459,13
2460,14
2461,15
2462,16
2463,17
2464,18
2465,19
2466,20
2467,21
2468,22
2469,23
2470,24
2471,25
2472,26
2473,27
2474,28
2475,29
2476,30
2477,31
2478,32
2479,33
2480,34
2481,35
2482,36
2483,37
2484,38
2485,39
2486,40
2487,41
2488,42
2489,43
2490,44
2491,45
2492,46
2493,47
2494,48
2495,49
2496,50
2497,51
2498,52
2499,53
2500,54
2501,5
2502,6
2503,7
2504,8
2505,9
2506,10
2507,11
2508,12
2509,13
2510,14
2511,15
2512,16
2513,17
2514,18
2515,19
2516,20
2517,21
2518,22
2519,23
2520,24
2521,25
2522,26
2523,27
2524,28
2525,29
2526,30
2527,31
2528,32
2529,33
2530,34
2531,35
2532,36
2533,37
2534,38
2535,39
2536,40
2537,41
2538,42
2539,43
2540,44
2541,45
2542,46
2543,47
2544,48
2545,49
2546,50
2547,51
2548,52
2549,53
2550,54
2551,5
2552,6
2553,7
2554,8
2555,9
2556,10
2557,11
2558,12
2559,13
2560,14
2561,15
2562,16
2563,17
2564,18
2565,19
2566,20
2567,21
2568,22
2569,23
2570,24
2571,25
2572,26
2573,27
2574,28
2575,29
2576,30
2577,31
2578,32
2579,33
2580,34
2581,35
2582,36
2583,37
2584,38
2585,39
2586,40
2587,41
2588,42
2589,43
2590,44
2591,45
2592,46
2593,47
2594,48
2595,49
2596,50
2597,51
2598,52
2599,53
2600,54
2601,5
2602,6
2603,7
2604,8
2605,9
2606,10
2607,11
2608,12
2609,13
2610,14
2611,15
2612,16
2613,17
2614,18
2615,19
2616,20
2617,21
2618,22
2619,23
2620,24
2621,25
2622,26
2623,27
2624,28
2625,29
2626,30
2627,31
2628,32
2629,33
2630,34
2631,35
2632,36
2633,37
2634,38
2635,39
2636,40
2637,41
2638,42
2639,43
2640,44
2641,45
2642,46
2643,47
2644,48
2645,49
2646,50
2647,51
2648,52
2649,53
2650,54
2651,5
2652,6
2653,7
2654,8
2655,9
2656,10
2657,11
2658,12
2659,13
2660,14
2661,15
2662,16
2663,17
2664,18
2665,19
2666,20
2667,21
2668,22
2669,23
2670,24
2671,25
2672,26
2673,27
2674,28
2675,29
2676,30
2677,31
2678,32
2679,33
2680,34
2681,35
2682,36
2683,37
2684,38
2685,39
2686,40
2687,41
2688,42
2689,43
2690,44
2691,45
2692,46
2693,47
2694,48
2695,49
2696,50
2697,51
2698,52
2699,53
2700,54
2701,5
2702,6
2703,7
2704,8
2705,9
2706,10
2707,11
2708,12
2709,13
2710,14
2711,15
2712,16
2713,17
2714,18
2715,19
2716,20
2717,21
2718,22
2719,23
2720,24
2721,25
2722,26
2723,27
2724,28
2725,29
2726,30
2727,31
2728,32
2729,33
2730,34
2731,35
2732,36
2733,37
2734,38
2735,39
2736,40
2737,41
2738,42
2739,43
2740,44
2741,45
2742,46
2743,47
2744,48
2745,49
2746,50
2747,51
2748,52
2749,53
2750,54
2751,5
2752,6
2753,7
2754,8
2755,9
2756,10
2757,11
2758,12
2759,13
2760,14
2761,15
2762,16
2763,17
2764,18
2765,19
2766,20
2767,21
2768,22
2769,23
2770,24
2771,25
2772,26
2773,27
2774,28
2775,29
2776,30
2777,31
2778,32
2779,33
2780,34
2781,35
2782,36
2783,37
2784,38
2785,39
2786,40
2787,41
2788,42
2789,43
2790,44
2791,45
2792,46
2793,47
2794,48
2795,49
2796,50
2797,51
2798,52
2799,53
2800,54
2801,5
2802,6
2803,7
2804,8
2805,9
2806,10
2807,11
2808,12
2809,13
2810,14
2811,15
2812,16
2813,17
2814,18
2815,19
2816,20
2817,21
2818,22
2819,23
2820,24
2821,25
2822,26
2823,27
2824,28
2825,29
2826,30
2827,31
2828,32
2829,33
2830,34
2831,35
2832,36
2833,37
2834,38
2835,39
2836,40
2837,41
2838,42
2839,43
2840,44
2841,45
2842,46
2843,47
2844,48
2845,49
2846,50
2847,51
2848,52
2849,53
2850,54
2851,5
2852,6
2853,7
2854,8
2855,9
2856,10
2857,11
2858,12
2859,13
2860,14
2861,15
2862,16
2863,17
2864,18
2865,19
2866,20
2867,21
2868,22
2869,23
2870,24
2871,25
2872,26
2873,27
2874,28
2875,29
2876,30
2877,31
2878,32
2879,33
2880,34
2881,35
2882,36
2883,37
2884,38
2885,39
2886,40
2887,41
2888,42
2889,43
2890,44
2891,45
2892,46
2893,47
2894,48
2895,49
2896,50
2897,51
2898,52
2899,53
2900,54
2901,5
2902,6
2903,7
2904,8
2905,9
2906,10
2907,11
2908,12
2909,13
2910,14
2911,15
2912,16
2913,17
2914,18
2915,19
2916,20
2917,21
2918,22
2919,23
2920,24
2921,25
2922,26
2923,27
2924,28
2925,29
2926,30
2927,31
2928,32
2929,33
2930,34
2931,35
2932,36
2933,37
2934,38
2935,39
2936,40
2937,41
2938,42
2939,43
2940,44
2941,45
2942,46
2943,47
2944,48
2945,49
2946,50
2947,51
2948,52
2949,53
2950,54
2951,5
2952,6
2953,7
2954,8
2955,9
2956,10
2957,11
2958,12
2959,13
2960,14
2961,15
2962,16
2963,17
2964,18
2965,19
2966,20
2967,21
2968,22
2969,23
2970,24
2971,25
2972,26
2973,27
2974,28
2975,29
2976,30
2977,31
2978,32
2979,33
2980,34
2981,35
2982,36
2983,37
2984,38
2985,39
2986,40
2987,41
2988,42
2989,43
2990,44
2991,45
2992,46
2993,47
2994,48
2995,49
2996,50
2997,51
2998,52
2999,53
3000,54
